,00:00,01:00,02:00,03:00,04:00,05:00,06:00,07:00,08:00,09:00,10:00,11:00,12:00,13:00,14:00,15:00,16:00,17:00,18:00,19:00,20:00,21:00,22:00
0,#travel (9),#realmadrid (3),#losmalospensamientos (6),#travel (9),#fashion (17),#photography (12),#malasa (6),#travel (5),#love (7),#moda (4),#travel (4),#instagood (5),#travel (8),#instalike (6),#love (5),#instagood (5),#espa (8),#photography (6),#travel (8),#nazcaclub (12),#realmadrid (13),#realmadrid (4),#santiagobernabeu (5)
1,#wanderlust (7),#oto (2),#design (5),#igersmadrid (7),#picoftheday (12),#picoftheday (11),#love (5),#style (4),#food (7),#picoftheday (4),#dise (3),#espa (5),#instagood (3),#like4like (6),#photooftheday (4),#instadaily (4),#travel (4),#art (5),#love (4),#like4like (12),#halamadrid (10),#maluma (4),#HalaMadrid (4)
2,#instatravel (7),#photooftheday (2),#photography (5),#goodmorning (6),#photooftheday (11),#travel (11),#espa (4),#espa (4),#fashion (5),#instagood (4),#instagood (3),#travel (4),#Repost (3),#picoftheday (5),#food (4),#photooftheday (4),#picoftheday (4),#photooftheday (4),#dance (4),#realmadrid (6),#laliga (8),#architecture (4),#instadaily (4)
3,#travelphotography (6),#realbetis (2),#arte (4),#espa (6),#love (11),#instagood (10),#fashion (4),#fashion (4),#foodie (4),#fashion (4),#gym (3),#photooftheday (4),#streetstyle (3),#follow4follow (5),#Restaurants (4),#travel (4),#santiagobernabeu (3),#food (3),#blackpink (3),#happy (5),#maluma (6),#photography (4),#MalumaEuropeTour (4)
4,#instagood (6),#picoftheday (2),#igersmadrid (4),#buenosdias (5),#style (10),#photooftheday (9),#beautiful (3),#photography (4),#instagood (4),#teque (3),#love (3),#picoftheday (4),#ink (3),#instaphoto (5),#Portomar (4),#food (4),#beautiful (3),#realmadrid (3),#design (3),#photooftheday (5),#santiagobernabeu (5),#feliceslos4 (3),#realmadrid (4)
5,#architecture (6),#sexymodel (2),#music (4),#picoftheday (5),#instagood (10),#goodmorning (7),#memories (3),#happy (3),#espa (4),#travel (3),#food (3),#photo (4),#city (3),#espa (5),#picoftheday (3),#instafood (4),#bestoftheday (3),#instagood (3),#jennie (3),#likes (5),#football (5),#travel (3),#instagood (4)
6,#worldtravel (4),#realmadridbetis (2),#art (4),#tbt (5),#art (8),#photo (7),#igersmadrid (3),#lovemyjob (3),#travelgram (3),#vscocam (3),#espa (3),#selfie (3),#picoftheday (3),#followforfollow (5),#instagood (3),#fashion (3),#igersmadrid (3),#fashion (3),#lisa (3),#party (5),#madridista (5),#gayboy (3),#espa (4)
7,#photooftheday (4),#streetphotography (2),#chefsofinstagram (3),#igersspain (5),#goodmorning (7),#me (7),#music (3),#foodie (3),#beautiful (3),#love (3),#picoftheday (3),#instadaily (3),#instaphoto (3),#arabicgirl (4),#espa (3),#bestoftheday (3),#instagram (3),#illustration (2),#travelphotography (3),#followforfollow (5),#futbol (5),#wizinkcenter (3),#telecinco (3)
8,#travels (4),#goodmorning (2),#cheflife (3),#happy (4),#espa (7),#love (6),#art (3),#foodporn (3),#lifestyle (3),#espa (3),#miercoles (3),#vscocam (3),#europe (3),#followforlikes (4),#healthy (2),#love (3),#madridmemola (3),#santiagobernabeu (2),#city (3),#friend (4),#maluma2017 (4),#santiagobernabeu (3),#Repost (3)
9,#love (4),#regrann (2),#ok_madrid (3),#travelgram (4),#cool (6),#style (6),#architecture (3),#nutrition (3),#beauty (3),#art (3),#art (3),#fitness (3),#photo (3),#polishgirl (4),#blackandwhite (2),#mbfwm (3),#realmadrid (3),#Espa (2),#kpop (3),#laliga (4),#RealMadrid (4),#instagood (3),#qqccmh (3)
10,#street (4),#laliga (1),#chefs (3),#streetstyle (4),#friends (6),#fashion (6),#fun (3),#traveling (3),#moda (3),#pic (2),#friends (3),#art (3),#igersspain (3),#likesforlikes (4),#lifestyle (2),#espa (3),#music (3),#fotografia (2),#dangerouswomantour (3),#good (4),#planetevents (4),#photo (3),#television (3)
11,#instagramers (3),#travelingram (1),#chefsroll (3),#fit (4),#breakfast (6),#desayuno (5),#pic (2),#halamadrid (3),#foodies (3),#sketch (2),#pic (2),#photography (3),#architecture (3),#followmeforfollowyou (4),#smile (2),#ni (3),#fashion (3),#health (2),#model (3),#goodtime (4),#RMA (4),#malumababy (3),#vuelveqqccmh (3)
12,#architectureporn (3),#tl_heights_beatrizmartinblancas (1),#theartofplating (3),#love (4),#beautiful (6),#beautiful (5),#streetwear (2),#jewelry (2),#fuerzamexico (3),#chic (2),#holidays (2),#nature (2),#fashion (3),#frenchboy (4),#woman (2),#oto (2),#pic (2),#streetshot (2),#yg (3),#likeforlike (4),#wizinkcenter (4),#friends (3),#qqccmh5 (3)
13,#hot (3),#una (1),#artwork (3),#COMPARTIENDO (4),#blogger (6),#beauty (5),#happy (2),#instagramers (2),#tapas (3),#illustration (2),#LLestuBar (2),#wanderlust (2),#travelspain (3),#travel (4),#street (2),#loveinmotion (2),#happy (2),#lifestyle (2),#trip (3),#cute (4),#malumaenconcierto (4),#espa (3),#instagram (3)
14,#building (3),#ecopiel (1),#buenosdias (3),#sunrise (4),#photo (6),#buenosdias (5),#outfit (2),#outfit (2),#picoftheday (3),#trendy (2),#llshowbar (2),#tattoo (2),#photography (3),#all_pics (4),#realmadrid (2),#instagramers (2),#outfit (2),#letsgoeverywhere (2),#arianator (3),#followme (4),#malumaworldtour (4),#night (3),#picoftheday (3)
15,#jueves (3),#NoCorrasFluye (1),#hierbas (3),#espana (4),#streetstyle (5),#model (5),#design (2),#beard (2),#realmadrid (3),#drawing (2),#blackandwhite (2),#custommade (2),#trip (2),#photooftheday (4),#weddingdress (2),#design (2),#granvia (2),#workout (2),#bts (3),#cool (4),#sergioramos (4),#rock (2),#igers (3)
16,#smile (3),#instadaily (1),#chefstalk (3),#realmadrid (4),#ootd (5),#realmadrid (5),#dise (2),#hairsalonmadrid (2),#happy (2),#vsco (2),#freedom (2),#granvia (2),#foodie (2),#all_shot (4),#exploremore (2),#foodie (2),#risas (2),#eatclean (2),#instagood (3),#time (4),#real (4),#wanderlust (2),#maluma (3)
17,#instapics (3),#reflex (1),#culinarytalents (3),#instagood (3),#followme (5),#espa (5),#gradafans (2),#planesmadrid (2),#sketch (2),#pugilstore (2),#LLhappytime (2),#oldschollshit (2),#Fashion (2),#instafollow (4),#art (2),#training (2),#foodie (2),#artist (2),#jisoo (3),#love (4),#malumaenmadrid (4),#color (2),#photographerlife (3)
18,#worldtraveller (3),#allnatural (1),#beautifulcuisines (3),#passionpassport (3),#arquitectura (5),#breakfast (5),#desayunosaludable (2),#lifestyle (2),#healthy (2),#tendencia (2),#beauty (2),#vsco (2),#foodporn (2),#likesforfollow (4),#flowers (2),#fitnes (2),#foodporn (2),#gallery (2),#art (3),#picoftheday (4),#malumaenespa (4),#feliceslas4 (2),#warnerbrostv (3)
19,#buildings (3),#materiaprima (1),#vieira (3),#santiagobernabeu (3),#instagram (5),#art (5),#day (2),#moda (2),#training (2),#lifestyle (2),#instamood (2),#beautiful (2),#martinguitar (2),#likeforlike (4),#fashion (2),#lausettearrings (2),#photooftheday (2),#fitnesslife (2),#arianagrande (3),#instagood (4),#bernabeu (4),#gayspain (2),#mediaset (3)
20,#globetrotter (3),#outononaeuropa (1),#tamarindo (3),#granvia (3),#mexico (5),#shooting (5),#complutense (2),#plata (2),#foodlove (2),#chueca (2),#photooftheday (2),#actress (2),#taste (2),#finnishboy (4),#Europe (2),#beauty (2),#aprender (2),#TagsForLikes (2),#photography (3),#instanparty (4),#RealMadridCf (3),#tripadvisor (2),#RealMadrid (2)
21,#travelcouple (3),#healthylife (1),#chefsoninstagram (3),#thursday (3),#happy (5),#friends (5),#uam (2),#urban (2),#mercadodesanmiguel (2),#friends (2),#LLseascomoseas (2),#foodporn (2),#travelphotography (2),#swag (4),#green (2),#instalike (2),#travelphotography (2),#reptiles (2),#travelingram (2),#halamadrid (4),#SantiagoBernab (3),#gay (2),#madridseduce (2)
22,#maluma (3),#instagram (1),#interiordesign (3),#jueves (3),#healthy (5),#pic (4),#mitty (2),#enjoy (2),#foodporn (2),#look (2),#EnjoyLLife (2),#lifestyle (2),#musica (2),#likeforfollow (4),#tw (2),#girl (2),#madridismo (2),#party (2),#nikond810 (2),#fashion (4),#goodnight (3),#casagallardo (2),#azca (2)
23,#palace (3),#ig_worldclub (1),#picoftheday (3),#city (3),#selfie (5),#coffee (4),#instaart (2),#peinados (2),#travel (2),#style (2),#city (2),#instalike (2),#acoustic (2),#finnishgirl (4),#weddingphotography (2),#condeduque (2),#love (2),#family (2),#monochrome (2),#fun (4),#RealMadridBetis (3),#family (2),#Futbol (2)
24,#luxtravel (3),#ig_travel (1),#thai (3),#style (3),#travel (5),#lifestyle (4),#f4f (2),#model (2),#girl (2),#trend (2),#madridmemola (2),#girl (2),#model (2),#frenchgirl (4),#photography (2),#instamood (2),#outfitoftheday (2),#mexico (2),#relax (2),#goods (3),#Jornada5 (3),#bear (2),#instaart (2)
25,#skyporn (3),#photoshoot (1),#madridmemola (3),#september (3),#photography (5),#instalike (4),#bowi (2),#love (2),#photooftheday (2),#madaboutmadrid (2),#weLLcome (2),#barcelonatattoo (2),#tattoo (2),#Englishgirl (4),#pic (1),#memories (2),#baile (2),#Spain (2),#instaguy (2),#beautiful (3),#RMABET (3),#myfujifilm (2),#SOLDOUT (2)
26,#livetotravel (3),#tbt (1),#exhibition (3),#laliga (3),#design (4),#smile (4),#fashionbloggers (2),#instahair (2),#delicious (2),#photo (2),#instamadrid (2),#berlintattoo (2),#style (2),#followforlike (4),#hookahlovers (1),#instafoodie (2),#igers (2),#dance (2),#travelgram (2),#travel (3),#instagood (3),#michelinstar (2),#wednesday (2)
27,#traveling (3),#urbanphoto (1),#thaifood (3),#street (3),#vsco (4),#igers (4),#uax (2),#followme (2),#tatuaje (2),#pregnant (2),#wind (2),#man (2),#grow (2),#supreme (4),#campaign (1),#picoftheday (2),#photo (2),#Tetu (2),#bluesky (2),#girl (3),#RealMadridClubDeF (3),#amigos (2),#feliceslos4 (2)
28,#life (3),#tv_travel (1),#chefslife (3),#visitmadrid (3),#instalike (4),#trip (4),#madridlife (2),#arquitectura (2),#model (2),#hot (2),#trip (2),#beauty (2),#countrymusic (2),#spanishgirl (4),#streetwear (1),#travels (2),#coreograf (2),#bidding (1),#foodie (2),#sergioramos (3),#photo (3),#elcluballard (2),#bike (2)
29,#travelblogger (3),#quetalmadrid (1),#thailand (3),#ig_madrid (3),#fitness (4),#fitness (4),#wednesday (2),#haircut (2),#infodeportesco (2),#instamoda (2),#LLsiemprecontigo (2),#model (2),#realmadrid (2),#swedishgirl (4),#Restaurantes (1),#angelinabialy (2),#instagood (2),#lovelovelove (1),#travelling (2),#partyyy (3),#foto (2),#laliga (2),#lacuatro (2)
